{
  "imports": {
    "react/": "https://aistudiocdn.com/react@^19.2.0/",
    "react": "https://aistudiocdn.com/react@^19.2.0",
    "lucide-react": "https://aistudiocdn.com/lucide-react@^0.554.0",
    "react-dom/": "https://aistudiocdn.com/react-dom@^19.2.0/",
    "@google/genai": "https://aistudiocdn.com/@google/genai@^1.30.0",
    "@supabase/supabase-js": "https://aistudiocdn.com/@supabase/supabase-js@^2.84.0",
    "express": "https://aistudiocdn.com/express@^5.1.0",
    "cors": "https://aistudiocdn.com/cors@^2.8.5",
    "dotenv": "https://aistudiocdn.com/dotenv@^17.2.3"
  }
}